origin,destination
HAM,FRA
FRA,HAM
FRA,BER
BER,FRA
FRA,HAJ
HAJ,FRA
FRA,FMO
FMO,FRA
FRA,DUS
DUS,FRA
FRA,MUC
MUC,FRA
FRA,STR
STR,FRA
FRA,NUE
NUE,FRA
FRA,LEJ
LEJ,FRA
FRA,DRS
DRS,FRA
FRA,GWT
GWT,FRA
FRA,TRS
TRS,FRA
FRA,FCO
FCO,FRA
FRA,MXP
MXP,FRA
FRA,LIN
LIN,FRA
FRA,BLQ
BLQ,FRA
FRA,BRI
BRI,FRA
FRA,CTA
CTA,FRA
FRA,OLB
OLB,FRA
FRA,NAP
NAP,FRA
FRA,VCE
VCE,FRA
FRA,PMO
PMO,FRA
FRA,CAG
CAG,FRA
FRA,BRE
BRE,FRA
FRA,FDH
FDH,FRA
FRA,LUX
LUX,FRA
FRA,JFK
JFK,FRA
FRA,EWR
EWR,FRA
MUC,JFK
JFK,MUC
MUC,EWR
EWR,MUC
MUC,IAD
IAD,MUC
FRA,IAD
IAD,FRA
FRA,BOS
BOS,FRA
MUC,BOS
BOS,MUC
FRA,PHL
PHL,FRA
MUC,CLT
CLT,MUC
FRA,ORD
ORD,FRA
MUC,ORD
ORD,MUC
FRA,DFW
DFW,FRA
FRA,IAH
IAH,FRA
FRA,DTW
DTW,FRA
FRA,ATL
ATL,FRA
FRA,DEN
DEN,FRA
FRA,STL
STL,FRA
FRA,LAX
LAX,FRA
MUC,LAX
LAX,MUC
FRA,SFO
SFO,FRA
MUC,SFO
SFO,MUC
MUC,MIA
MIA,MUC
FRA,MIA
MIA,FRA
FRA,MCO
MCO,FRA
MUC,SAN
SAN,MUC
FRA,AUS
AUS,FRA
FRA,YYZ
YYZ,FRA
MUC,YUL
YUL,MUC
MUC,YVR
YVR,MUC
MUC,DEN
DEN,MUC
FRA,SEA
SEA,FRA
FRA,YVR
YVR,FRA
MUC,YYZ
YYZ,MUC
FRA,MEX
MEX,MUC
MEX,FRA
MUC,GIG
GIG,MUC
FRA,GRU
GRU,FRA
FRA,EZE
EZE,FRA
FRA,SJO
SJO,FRA
FRA,BOG
BOG,FRA
FRA,LAD
LAD,FRA
FRA,LOS
SSG,LOS
FRA,JNB
JNB,FRA
MUC,CPT
CPT,MUC
FRA,CPT
CPT,FRA
FRA,CAI
CAI,FRA
MUC,CAI
CAI,MUC
FRA,NBO
NBO,FRA
FRA,ABV
PHC,ABV
FRA,IKA
IKA,FRA
FRA,GYD
GYD,FRA
FRA,KWI
DMM,KWI
FRA,DXB
DXB,FRA
FRA,RUH
BAH,RUH
MUC,DXB
DXB,MUC
FRA,NQZ
ALA,FRA
FRA,ALA
ALA,NQZ
MUC,TLV
TLV,MUC
FRA,TLV
TLV,FRA
FRA,AMM
AMM,FRA
FRA,EBL
EBL,FRA
FRA,ICN
ICN,FRA
MUC,HND
HND,MUC
FRA,HND
HND,FRA
MUC,ICN
ICN,MUC
FRA,PEK
PEK,FRA
FRA,PVG
PVG,FRA
FRA,BLR
BLR,FRA
FRA,BOM
BOM,FRA
FRA,MAA
MAA,FRA
FRA,DEL
DEL,FRA
MUC,DEL
DEL,MUC
MUC,BOM
BOM,MUC
MUC,BKK
BKK,MUC
FRA,SIN
SIN,FRA
FRA,TAO
MUC,SIN
SIN,MUC
FRA,HKG
HKG,FRA
FRA,ARN
ARN,FRA
FRA,GOT
GOT,FRA
FRA,CPH
CPH,FRA
FRA,BLL
BLL,FRA
FRA,HEL
HEL,FRA
FRA,KEF
KEF,FRA
FRA,OSL
OSL,FRA
FRA,TOS
TOS,FRA
FRA,BGO
BGO,FRA
FRA,SVG
SVG,FRA
FRA,TLL
TLL,FRA
FRA,VNO
VNO,FRA
FRA,RIX
RIX,FRA
FRA,BOD
BOD,FRA
FRA,LHR
LHR,FRA
FRA,MRS
MRS,FRA
TLS,FRA
FRA,LCY
LCY,FRA
FRA,MAN
MAN,FRA
FRA,NCL
NCL,FRA
FRA,BHX
BHX,FRA
FRA,GLA
GLA,FRA
FRA,EDI
EDI,FRA
FRA,LPL
LPL,FRA
FRA,BRS
BRS,FRA
FRA,DUB
DUB,FRA
FRA,ORK
ORK,FRA
FRA,AMS
AMS,FRA
FRA,BRU
BRU,FRA
FRA,CDG
CDG,FRA
FRA,NTE
NTE,FRA
FRA,NCE
NCE,FRA
FRA,RNS
RNS,FRA
FRA,LYS
LYS,FRA
FRA,BIA
BIA,FRA
FRA,TLS
FRA,SZG
SZG,FRA
FRA,SCQ
SCQ,FRA
FRA,MAD
MAD,FRA
FRA,AGP
AGP,FRA
FRA,BCN
BCN,FRA
FRA,SVQ
SVQ,FRA
FRA,BIO
BIO,FRA
FRA,PMI
PMI,FRA
FRA,IBZ
IBZ,FRA
FRA,VLC
VLC,FRA
FRA,FAO
FAO,FRA
FRA,LIS
LIS,FRA
FRA,FNC
FNC,FRA
FRA,ALC
ALC,FRA
FRA,OPO
OPO,FRA
FRA,ZRH
ZRH,FRA
FRA,BSL
BSL,FRA
FRA,GVA
GVA,FRA
VIE,FRA
FRA,VIE
FRA,RHO
RHO,FRA
FRA,GRZ
GRZ,FRA
FRA,MLA
MLA,FRA
FRA,ATH
ATH,FRA
FRA,JTR
JTR,FRA
FRA,LCA
LCA,FRA
FRA,HER
HER,FRA
FRA,IST
IST,FRA
FRA,BEY
BEY,FRA
FRA,ALG
ALG,FRA
FRA,TUN
TUN,FRA
FRA,CMN
CMN,FRA
FRA,BUD
BUD,FRA
FRA,WAW
WAW,FRA
FRA,KTW
KTW,FRA
FRA,WRO
WRO,FRA
FRA,GDN
GDN,FRA
FRA,KRK
KRK,FRA
FRA,POZ
POZ,FRA
FRA,PRG
PRG,FRA
FRA,ZAG
ZAG,FRA
FRA,BEG
BEG,FRA
FRA,SPU
SPU,FRA
FRA,DBV
DBV,FRA
FRA,OTP
OTP,FRA
FRA,TIA
TIA,FRA
FRA,SOF
SOF,FRA
FRA,LJU
LJU,FRA
FRA,TSR
TSR,FRA
FRA,CLJ
CLJ,FRA
FRA,ZAD
ZAD,FRA
FRA,PUY
PUY,FRA
FRA,MAH
MAH,FRA
FRA,JMK
JMK,FRA
FRA,CHQ
CHQ,FRA
FRA,SJJ
SJJ,FRA
FRA,PDL
PDL,FRA
FRA,SKG
SKG,FRA
FRA,EVN
EVN,FRA
MUC,WAW
WAW,MUC
MUC,KRK
KRK,MUC
MUC,WRO
WRO,MUC
MUC,POZ
POZ,MUC
MUC,GDN
GDN,MUC
MUC,OTP
OTP,MUC
MUC,TSR
TSR,MUC
MUC,SBZ
SBZ,MUC
MUC,CLJ
CLJ,MUC
MUC,BUD
BUD,MUC
MUC,DEB
DEB,MUC
PRG,MUC
MUC,PRG
MUC,LJU
LJU,MUC
MUC,SOF
SOF,MUC
MUC,DBV
DBV,MUC
MUC,TIA
TIA,MUC
MUC,SPU
SPU,MUC
MUC,ZAG
ZAG,MUC
MUC,BEG
BEG,MUC
MUC,TUN
TUN,MUC
MUC,KLX
KLX,MUC
MUC,RHO
RHO,MUC
MUC,ATH
ATH,MUC
MUC,HER
HER,MUC
MUC,JTR
JTR,MUC
MUC,CFU
CFU,MUC
MUC,LCA
LCA,MUC
MUC,SKG
SKG,MUC
MUC,LIS
LIS,MUC
MUC,OPO
OPO,MUC
MUC,FAO
FAO,MUC
MUC,FNC
FNC,MUC
MUC,PMI
PMI,MUC
MUC,MAD
MAD,MUC
MUC,BCN
BCN,MUC
MUC,IBZ
IBZ,MUC
MUC,SVQ
SVQ,MUC
MUC,BIO
BIO,MUC
MUC,AGP
AGP,MUC
MUC,LPA
LPA,MUC
MUC,MAH
MAH,MUC
MUC,TFS
TFS,MUC
MUC,VLC
VLC,MUC
MUC,XRY
XRY,MUC
MUC,ALC
ALC,MUC
MXP,MUC
MUC,MXP
MUC,FCO
FCO,MUC
MUC,NAP
NAP,MUC
MUC,GOA
GOA,MUC
MUC,AOI
AOI,MUC
MUC,CTA
CTA,MUC
MUC,OLB
OLB,MUC
MUC,PMO
PMO,MUC
MUC,CAG
CAG,MUC
MUC,MLA
MLA,MUC
MUC,BER
BER,MUC
MUC,CGN
CGN,MUC
MUC,DUS
DUS,MUC
MUC,HAM
HAM,MUC
MUC,HAJ
HAJ,MUC
MUC,DRS
DRS,MUC
MUC,FMO
FMO,MUC
MUC,STR
STR,MUC
MUC,LEJ
LEJ,MUC
MUC,PAD
PAD,MUC
MUC,GWT
GWT,MUC
MUC,BRE
BRE,MUC
MUC,ORY
ORY,MUC
MUC,TLS
TLS,MUC
MUC,CDG
CDG,MUC
MUC,LYS
LYS,MUC
MUC,MRS
MRS,MUC
MUC,NCE
NCE,MUC
MUC,BRU
BRU,MUC
MUC,AMS
AMS,MUC
MUC,LUX
LUX,MUC
MUC,VIE
VIE,MUC
MUC,GRZ
GRZ,MUC
MUC,ZRH
ZRH,MUC
MUC,GVA
GVA,MUC
MUC,BSL
BSL,MUC
MUC,TLL
TLL,MUC
MUC,ARN
ARN,MUC
MUC,GOT
GOT,MUC
MUC,BLL
BLL,MUC
MUC,CPH
CPH,MUC
MUC,BGO
BGO,MUC
MUC,OSL
OSL,MUC
MUC,HEL
HEL,MUC
MUC,KEF
KEF,MUC
MUC,LHR
LHR,MUC
MUC,MAN
MAN,MUC
MUC,BHX
BHX,MUC
MUC,DUB
DUB,MUC
MUC,EDI
EDI,MUC
MUC,JMK
JMK,MUC
MUC,TBS
TBS,MUC
TRS,DUS
TRS,MUC
FRA,ZWS
ZMU,QUL
ZWS,FRA
QUL,ZWS
FRA,MHJ
ZBA,QFB
FRA,QWU
QWU,FRA
ZMU,ZAQ
FRA,ZAQ
ZAQ,QWU
QDU,FRA
FRA,QDU
FRA,QKL
XHJ,QKL
FRA,XHJ
VIE,BKK
BKK,VIE
VIE,MRU
MRU,VIE
VIE,MLE
MLE,VIE
VIE,NRT
NRT,VIE
VIE,ORD
ORD,VIE
VIE,YUL
YUL,VIE
VIE,PVG
PVG,VIE
VIE,JFK
JFK,VIE
VIE,EWR
EWR,VIE
VIE,IAD
IAD,VIE
VIE,CUN
CUN,VIE
VIE,NUE
NUE,VIE
VIE,DUS
DUS,VIE
VIE,HAM
HAM,VIE
VIE,STR
STR,VIE
VIE,CGN
CGN,VIE
VIE,LEJ
LEJ,VIE
VIE,BER
BER,VIE
VIE,HAJ
HAJ,VIE
VIE,CPH
CPH,VIE
VIE,ARN
ARN,VIE
VIE,GOT
GOT,VIE
VIE,OSL
OSL,VIE
VIE,BRU
BRU,VIE
VIE,AMS
AMS,VIE
VIE,AGP
AGP,VIE
VIE,BCN
BCN,VIE
VIE,LYS
LYS,VIE
VIE,CDG
CDG,VIE
VIE,NCE
NCE,VIE
VIE,PMI
PMI,VIE
VIE,VLC
VLC,VIE
VIE,LHR
LHR,VIE
VIE,MAN
MAN,VIE
VIE,BSL
BSL,VIE
VIE,CTA
CTA,VIE
VIE,FCO
FCO,VIE
VIE,MXP
MXP,VIE
VIE,VCE
VCE,VIE
VIE,FLR
FLR,VIE
VIE,NAP
NAP,VIE
VIE,BLQ
BLQ,VIE
VIE,ZRH
ZRH,VIE
VIE,GVA
GVA,VIE
VIE,KRK
KRK,VIE
VIE,WAW
WAW,VIE
VIE,EVN
EVN,VIE
VIE,IAS
IAS,VIE
VIE,SBZ
SBZ,VIE
VIE,KIV
KIV,VIE
VIE,ZAG
ZAG,VIE
VIE,PRG
PRG,VIE
VIE,BUD
BUD,VIE
VIE,TGD
TGD,VIE
VIE,DBV
DBV,VIE
VIE,BEG
BEG,VIE
VIE,KSC
KSC,VIE
VIE,SPU
SPU,VIE
VIE,SJJ
SJJ,VIE
VIE,VAR
VAR,VIE
VIE,PRN
PRN,VIE
VIE,SKP
SKP,VIE
VIE,OTP
OTP,VIE
VIE,SOF
SOF,VIE
VIE,ATH
ATH,VIE
VIE,SKG
SKG,VIE
VIE,EBL
EBL,VIE
VIE,LCA
LCA,VIE
VIE,TIA
TIA,VIE
VIE,AMM
AMM,VIE
VIE,TLV
TLV,VIE
VIE,CAI
CAI,VIE
VIE,IKA
IKA,VIE
VIE,RAK
RAK,VIE
VIE,INN
INN,VIE
VIE,KLU
KLU,VIE
VIE,GRZ
GRZ,VIE
VIE,RMF
RMF,VIE
VIE,HRG
HRG,VIE
LZS,VIE
VIE,LZS
VIE,ZSB
ZSB,VIE
GGZ,VIE
VIE,GGZ
VIE,FNC
FNC,VIE
VIE,RIX
RIX,VIE
VIE,LUX
LUX,VIE
CAI,LXR
LXR,CAI
CAI,ASW
ASW,CAI
CAI,HRG
HRG,CAI
VIE,ADD
ADD,VIE
ADD,KRT
KRT,ADD
ADD,SEZ
SEZ,ADD
ADD,MBA
MBA,ADD
ADD,ZNZ
ADD,JRO
JRO,ADD
ZNZ,JRO
ZNZ,ADD
VIE,TBS
TBS,VIE
ARN,HEL
AAR,CPH
CPH,AAL
CPH,GOT
GOT,CPH
AAL,CPH
ARN,UME
CPH,HEL
HEL,CPH
ARN,LLA
CPH,AAR
CPH,TRD
LLA,ARN
UME,ARN
HEL,ARN
OSL,TRD
OSL,BGO
BGO,CPH
BGO,OSL
CPH,SVG
OSL,SVG
SVG,CPH
SVG,OSL
TRD,CPH
TRD,OSL
ORD,LAS
ORD,SEA
SEA,ORD
ORD,LAX
LAX,ORD
ORD,SLC
DFW,ORD
ORD,SAN
SAN,ORD
ORD,PHX
MIA,ORD
ORD,IAH
CLE,ORD
ORD,CLT
CLT,ORD
ORD,SFO
SFO,ORD
ORD,DFW
ORD,DTW
DTW,ORD
ORD,ATL
ATL,ORD
VCE,EWR
MCO,ORD
ORD,MEM
TPA,ORD
IAH,ORD
AMS,IAH
DEN,ORD
ORD,DEN
ORD,STL
STL,ORD
EWR,BOS
BOS,EWR
EWR,PWM
PWM,EWR
EWR,MSY
MSY,EWR
AMS,ORD
LAS,ORD
EWR,IAH
IAH,EWR
EWR,AMS
EWR,STL
STL,EWR
EWR,BUF
BUF,EWR
BRU,EWR
ORD,BRU
EWR,RDU
RDU,EWR
CDG,ORD
IAD,CDG
EWR,IND
IND,EWR
GVA,IAD
IAD,GVA
EWR,CLE
CLE,EWR
BRU,IAD
EWR,MXP
EWR,PIT
PIT,EWR
ZRH,EWR
EWR,ZRH
EWR,ATL
ATL,EWR
BRU,ORD
IAD,BRU
CDG,IAD
EWR,BRU
EWR,MIA
MIA,EWR
EWR,CDG
CDG,EWR
EWR,GVA
ZRH,ORD
ORD,ZRH
MXP,EWR
EWR,VCE
LHR,EWR
EWR,LHR
ZRH,IAD
IAD,ZRH
LHR,IAD
IAD,LHR
LHR,IAH
IAH,LHR
DUB,EWR
EWR,DUB
IAD,SYR
SYR,IAD
SAV,IAD
IAD,ROC
ROC,IAD
IAD,RIC
RIC,IAD
IAD,RDU
RDU,IAD
IAD,PIT
PIT,IAD
IAD,ORF
ORF,IAD
AMS,EWR
IAD,IND
IND,IAD
ATH,EWR
EWR,ATH
KEF,EWR
EWR,KEF
IAD,CMH
CMH,IAD
IAD,CHS
CHS,IAD
LHR,LAX
LAX,LHR
LHR,ORD
ORD,LHR
LHR,SFO
SFO,LHR
IAH,AMS
IAD,PHX
PHX,IAD
IAD,LAS
IAD,LAX
LAX,IAD
IAD,MCO
MCO,IAD
IAD,MSY
MSY,IAD
BER,EWR
EWR,BER
IAD,SFO
SFO,IAD
IAD,BOS
BOS,IAD
FCO,EWR
EWR,FCO
LHR,BOS
BOS,LHR
IAD,SAN
SAN,IAD
LHR,DEN
DEN,LHR
IAD,SEA
IAD,ORD
ORD,IAD
IAD,TPA
TPA,IAD
EWR,SFO
SFO,EWR
EWR,LAX
LAX,EWR
PEK,SHA
BKK,ICN
ICN,BKK
ZRH,LIS
LIS,ZRH
LIS,VIE
VIE,LIS
PHL,YYZ
FRA,YUL
YUL,FRA
FRA,YYC
YYC,FRA
LHR,YVR
YUL,YOW
YVR,LHR
YEG,YYZ
SFO,YYZ
YYZ,SFO
YWG,YYZ
YYZ,YEG
YOW,YYZ
YYZ,LHR
LHR,YYZ
YYZ,AMS
AMS,YYZ
YUL,LHR
BRU,YUL
YUL,BRU
CDG,YUL
YUL,CDG
LHR,YYC
YYC,LHR
LHR,YUL
CDG,YYZ
YYZ,CDG
YUL,YYZ
VIE,YYZ
YYZ,VIE
YYZ,YOW
YVR,YYZ
YYZ,YUL
YYC,YYZ
YYZ,YVR
YYZ,YYC
YYZ,YWG
YYZ,CPH
CPH,YYZ
YYZ,YHZ
YHZ,YYZ
YHZ,LHR
LHR,YHZ
YUL,YYC
ZRH,YYZ
YYZ,ZRH
YYZ,IAH
IAH,YYZ
YYZ,PHL
YYZ,DEN
DEN,YYZ
YYZ,LAX
LAX,YYZ
YHZ,YUL
YUL,YVR
YYC,YUL
YEG,YUL
YVR,YUL
YUL,YHZ
YUL,YEG
YOW,YUL
YWG,YUL
YUL,YWG
ZAG,DBV
DBV,ZAG
SPU,ZAG
ZAG,SPU
TPA,FRA
FRA,PUJ
PUJ,FRA
FRA,LAS
LAS,FRA
FRA,WDH
WDH,FRA
FRA,MBA
ZNZ,MBA
FRA,MRU
MRU,FRA
FRA,POP
FRA,CUN
CUN,FRA
MUC,CUN
CUN,MUC
MUC,PUJ
PUJ,MUC
MUC,LAS
LAS,MUC
FRA,RSW
RSW,FRA
FRA,PTY
PTY,FRA
JRO,MBA
FRA,TPA
FRA,MLE
MLE,FRA
VFA,WDH
WAW,GDN
GDN,WAW
WAW,WRO
WRO,WAW
SIN,BKK
BKK,SIN
BKK,KUL
KUL,BKK
BKK,MEL
MEL,BKK
BKK,PER
PER,BKK
BKK,SYD
SYD,BKK
HKT,BKK
BKK,KBV
KBV,BKK
BKK,HKT
LPT,BKK
BKK,LPT
BKK,TDX
BKK,USM
USM,BKK
TDX,BKK
CNX,BKK
BKK,CNX
BKK,REP
REP,BKK
BKK,PNH
PNH,BKK
VIE,MLA
MLA,VIE
ZRH,GRZ
GRZ,ZRH
SZG,PMI
PMI,SZG
SZG,CGN
CGN,SZG
GRZ,STR
STR,GRZ
LNZ,DUS
DUS,LNZ
GRZ,DUS
DUS,GRZ
VIE,HER
HER,VIE
VIE,CHQ
CHQ,VIE
VIE,JTR
JTR,VIE
VIE,RHO
RHO,VIE
VIE,LPA
LPA,VIE
VIE,TFS
TFS,VIE
ZRH,JFK
JFK,ZRH
GVA,JFK
JFK,GVA
ZRH,SFO
SFO,ZRH
ZRH,LAX
LAX,ZRH
ZRH,BOS
BOS,ZRH
ZRH,MIA
MIA,ZRH
ZRH,YUL
YUL,ZRH
ZRH,GRU
GRU,ZRH
EZE,GRU
ZRH,HKG
HKG,ZRH
ZRH,DEL
DEL,ZRH
ZRH,BOM
BOM,ZRH
ZRH,NRT
NRT,ZRH
ZRH,SIN
SIN,ZRH
ZRH,BKK
BKK,ZRH
ZRH,BEY
BEY,ZRH
ZRH,CAI
CAI,ZRH
ZRH,DXB
DXB,ZRH
ZRH,TLV
TLV,ZRH
ZRH,JNB
JNB,ZRH
ZRH,LHR
LHR,ZRH
GVA,LHR
LHR,GVA
ZRH,MAN
MAN,ZRH
ZRH,DUB
DUB,ZRH
GVA,DUB
DUB,GVA
ZRH,BHX
BHX,ZRH
GVA,LCY
LCY,GVA
ZRH,LCY
LCY,ZRH
GVA,NCE
NCE,GVA
ZRH,BOD
BOD,ZRH
ZRH,NCE
NCE,ZRH
ZRH,NTE
NTE,ZRH
ZRH,MRS
MRS,ZRH
ZRH,CDG
CDG,ZRH
ZRH,AMS
AMS,ZRH
ZRH,LUX
LUX,ZRH
ZRH,BRU
BRU,ZRH
GVA,BRU
BRU,GVA
ZRH,HAJ
HAJ,ZRH
ZRH,DRS
DRS,ZRH
ZRH,BER
BER,ZRH
ZRH,DUS
DUS,ZRH
ZRH,HAM
HAM,ZRH
ZRH,STR
STR,ZRH
ZRH,OSL
OSL,ZRH
ZRH,GOT
GOT,ZRH
ZRH,ARN
ARN,ZRH
ZRH,CPH
CPH,ZRH
ZRH,TLL
TLL,ZRH
ZRH,WAW
WAW,ZRH
ZRH,KRK
KRK,ZRH
ZRH,WRO
WRO,ZRH
ZRH,GDN
GDN,ZRH
ZRH,BEG
BEG,ZRH
GVA,PRN
PRN,GVA
ZRH,TIA
TIA,ZRH
ZRH,SJJ
SJJ,ZRH
ZRH,PRG
PRG,ZRH
ZRH,MXP
MXP,ZRH
ZRH,VCE
VCE,ZRH
ZRH,BLQ
BLQ,ZRH
ZRH,FLR
FLR,ZRH
GVA,FLR
FLR,GVA
GVA,BDS
BDS,GVA
ZRH,NAP
NAP,ZRH
ZRH,BDS
BDS,ZRH
ZRH,FCO
FCO,ZRH
ZRH,PMO
PMO,ZRH
ZRH,MLA
MLA,ZRH
GVA,ATH
ATH,GVA
ZRH,ATH
ATH,ZRH
ZRH,SKG
SKG,ZRH
ZRH,SOF
SOF,ZRH
ZRH,OTP
OTP,ZRH
ZRH,BCN
BCN,ZRH
ZRH,MAD
MAD,ZRH
ZRH,OPO
OPO,ZRH
GVA,OPO
OPO,GVA
GVA,LIS
LIS,GVA
GVA,AGP
AGP,GVA
ZRH,AGP
AGP,ZRH
GVA,VLC
VLC,GVA
ZRH,VLC
VLC,ZRH
ZRH,PMI
PMI,ZRH
GVA,PMI
PMI,GVA
ZRH,ALC
ALC,ZRH
GVA,RAK
RAK,GVA
ZRH,BUD
BUD,ZRH
ZRH,LJU
LJU,ZRH
GVA,PDL
PDL,GVA
GVA,BIQ
BIQ,GVA
GVA,IBZ
IBZ,GVA
GVA,HER
HER,GVA
GVA,CFU
CFU,GVA
GVA,ZTH
ZTH,GVA
GVA,SKG
SKG,GVA
GVA,JMK
JMK,GVA
GVA,LCA
LCA,GVA
GVA,JTR
JTR,GVA
GVA,KGS
KGS,GVA
GVA,AYT
AYT,GVA
GVA,CTA
CTA,GVA
GVA,FAO
FAO,GVA
GVA,FNC
FNC,GVA
GVA,HRG
HRG,GVA
GVA,TFS
TFS,GVA
ZRH,BRI
BRI,ZRH
ZRH,VNO
VNO,ZRH
ZRH,GWT
GWT,ZRH
GVA,ZRH
ZRH,GVA
BCN,EWR
ORD,AMS
EWR,BCN
CDG,SFO
DUB,IAD
ORD,CDG
SFO,CDG
FCO,ORD
FCO,IAD
IAD,FCO
ORD,FCO
IAD,DUB
EWR,OPO
MAD,EWR
EWR,MAD
OPO,EWR
NAP,EWR
EWR,NAP
GVA,EWR
SAN,SFO
SFO,HNL
HNL,SFO
ORD,MCO
ORD,MSP
SFO,SEA
SEA,SFO
PHX,ORD
SFO,PHX
PHX,SFO
ORD,PIT
PIT,ORD
ORD,CLE
MSP,ORD
ORD,PDX
ORD,TPA
ORD,PHL
PHL,ORD
SFO,LAS
ORD,RDU
RDU,ORD
SFO,SAN
SLC,ORD
ORD,IND
IND,ORD
ORD,CVG
ORD,RSW
RSW,ORD
LAS,SFO
IAD,IAH
IAH,IAD
KWI,FRA
LOS,FRA
GVA,CAI
CAI,GVA
ZRH,AUH
AUH,ZRH
ZRH,ZAG
ZAG,ZRH
ZRH,SPU
SPU,ZRH
ZRH,ADB
ADB,ZRH
ZRH,AYT
AYT,ZRH
NRT,ITM
ZRH,PRN
PRN,ZRH
ZRH,CGN
CGN,ZRH
GVA,DUS
DUS,GVA
LFW,ACC
BRU,ACC
BRU,LAD
BRU,ABJ
BJL,DSS
BRU,DSS
CKY,DSS
BRU,DLA
BRU,COO
BRU,FNA
BRU,BJL
ROB,BJL
BRU,OUA
ABJ,OUA
BRU,BJM
BRU,KGL
GVA,CDG
CDG,GVA
YQB,YUL
YUL,YQB
GVA,YUL
YUL,GVA
YVR,SFO
YQG,YYZ
YSB,YYZ
MXP,YUL
YUL,MXP
YQB,YYZ
YYZ,YQB
OSL,TOS
TOS,OSL
BOM,BLR
AMD,DEL
BOM,CCU
BLR,BOM
DEL,BLR
BLR,DEL
BOM,GOI
CCU,BOM
BOM,HYD
CCU,DEL
BOM,MAA
GOI,BOM
DEL,AMD
GOI,DEL
HYD,BOM
DEL,BOM
HYD,DEL
DEL,CCU
IDR,DEL
DEL,GOI
MAA,BOM
DEL,HYD
MAA,DEL
DEL,IDR
PNQ,DEL
DEL,MAA
DEL,PNQ
BOM,DEL
FCO,YYZ
FCO,YUL
YUL,FCO
ZRH,ZDH
ZDH,ZRH
ZRH,ZDI
QDL,ZDI
ZRH,QDL
ZRH,ZHT
ZHT,ZRH
ZRH,LAS
LAS,ZRH
ZRH,TPA
TPA,ZRH
ZRH,POP
ZRH,SJO
ZRH,CUN
CUN,ZRH
ZRH,HAV
ZRH,PUJ
PUJ,ZRH
SJO,ZRH
ZRH,MCT
MCT,ZRH
ZRH,HKT
HKT,ZRH
ZRH,MLE
MLE,ZRH
ZRH,MRU
MRU,ZRH
ZRH,JRO
ZRH,SEZ
MRU,SEZ
ZRH,CPT
CPT,ZRH
SID,ZRH
ZRH,RAK
ZRH,BVC
SID,BVC
RAK,ZRH
ZRH,HRG
HRG,ZRH
ZRH,SSH
SSH,ZRH
ZRH,LXR
ZRH,RMF
RMF,ZRH
ZRH,DLM
DLM,ZRH
ZRH,BJV
BJV,ZRH
ZRH,LPA
LPA,ZRH
ZRH,FUE
FUE,ZRH
ZRH,TFS
TFS,ZRH
ZRH,SVQ
SVQ,ZRH
ZRH,BIO
BIO,ZRH
ZRH,ACE
ACE,ZRH
ZRH,SPC
ZRH,MAH
MAH,ZRH
ZRH,IBZ
IBZ,ZRH
ZRH,FNC
FNC,ZRH
ZRH,PDL
PDL,ZRH
ZRH,FAO
FAO,ZRH
ZRH,KEF
KEF,ZRH
ZRH,ORK
ORK,ZRH
ZRH,EDI
EDI,ZRH
ZRH,CFU
CFU,ZRH
ZRH,KLX
KLX,ZRH
ZRH,ZTH
ZTH,ZRH
ZRH,JTR
JTR,ZRH
ZRH,HER
HER,ZRH
ZRH,CHQ
CHQ,ZRH
ZRH,RHO
RHO,ZRH
ZRH,JMK
JMK,ZRH
ZRH,KGS
KGS,ZRH
ZRH,LCA
LCA,ZRH
ZRH,PFO
PFO,ZRH
ZRH,CTA
ZRH,SUF
SUF,ZRH
ZRH,OLB
OLB,ZRH
ZRH,CAG
CAG,ZRH
CTA,ZRH
ZRH,SKP
SKP,ZRH
SIN,BNE
AKL,SIN
SIN,KNO
KNO,SIN
SIN,AKL
DAD,SIN
DPS,SIN
SIN,MEL
PER,SIN
SIN,DRW
DRW,SIN
SIN,ADL
ADL,SIN
BNE,SIN
SIN,CNS
CNS,SIN
MEL,SIN
SIN,PER
SIN,SYD
SYD,SIN
SIN,CHC
CHC,SIN
SIN,HAN
SIN,KUL
SIN,CGK
KUL,SIN
SIN,DPS
SIN,PEN
SIN,HKT
CGK,SIN
SIN,MNL
MNL,SIN
PEN,SIN
PNH,SIN
REP,SIN
SGN,SIN
SIN,PNH
SIN,SGN
HAN,SIN
HKT,SIN
ZRH,XGZ
ZMU,XGZ
ZRH,ZDJ
ZHF,ZDJ
ZHT,QLS
QLS,ZHF
SYD,HKG
MEL,HKG
GRU,GIG
GIG,GRU
GRU,EZE
GRU,BSB
BSB,GRU
GRU,CNF
CNF,GRU
GRU,CWB
CWB,GRU
GRU,FLN
GRU,FOR
FLN,GRU
GRU,GYN
FOR,GRU
GRU,IGU
GYN,GRU
GRU,MVD
IGU,GRU
GRU,POA
MVD,GRU
GRU,REC
POA,GRU
GRU,SSA
REC,GRU
GRU,NAT
SSA,GRU
NAT,GRU
GRU,CGB
CGB,GRU
GRU,BEL
BEL,GRU
GRU,RAO
RAO,GRU
GRU,THE
LDB,GRU
GRU,LDB
GRU,SJP
SJP,GRU
GRU,MAO
MAO,GRU
GRU,SLZ
SLZ,GRU
GRU,JPA
JPA,GRU
GRU,JOI
JOI,GRU
GRU,IOS
IOS,GRU
GRU,UDI
UDI,GRU
GRU,NVT
NVT,GRU
GRU,MCZ
MCZ,GRU
FRA,LNZ
LNZ,FRA
FRA,INN
INN,FRA
FLR,MUC
MUC,FLR
VCE,MUC
MUC,VCE
VRN,MUC
MUC,VRN
MUC,BRI
BRI,MUC
MUC,BLQ
BLQ,MUC
MUC,TRN
TRN,MUC
MUC,BDS
BDS,MUC
MUC,LIN
LIN,MUC
VRN,FRA
FRA,VRN
FRA,TRN
TRN,FRA
FRA,FLR
FLR,FRA
FRA,PSA
PSA,FRA
FRA,KLR
KLR,FRA
